{"proposal":{"finalized":false,"proposer_id":0,"round":0,"level":1,"prev":-1,"message":["1"],"notarized":false},"vote_task":[{"delay":0,"target_player":2,"message":{"proposer_id":0,"to_player_id":2,"is_vote":true,"approved":"1","round":0,"message":["1"],"from_player_id":2,"signatures":[]}},{"delay":0,"target_player":0,"message":{"proposer_id":0,"to_player_id":0,"is_vote":true,"approved":"1","round":0,"message":["1"],"from_player_id":2,"signatures":[]}},{"delay":2,"target_player":1,"message":{"proposer_id":0,"to_player_id":1,"is_vote":true,"approved":"1","round":0,"message":["1"],"from_player_id":2,"signatures":[]}},{"delay":0,"target_player":2,"message":{"proposer_id":0,"to_player_id":2,"is_vote":true,"approved":"1","round":0,"message":["1"],"from_player_id":0,"signatures":[]}},{"delay":0,"target_player":0,"message":{"proposer_id":0,"to_player_id":0,"is_vote":true,"approved":"1","round":0,"message":["1"],"from_player_id":0,"signatures":[]}},{"delay":2,"target_player":1,"message":{"proposer_id":0,"to_player_id":1,"is_vote":true,"approved":"1","round":0,"message":["1"],"from_player_id":0,"signatures":[]}},{"delay":0,"target_player":2,"message":{"proposer_id":0,"to_player_id":2,"is_vote":true,"approved":"1","round":0,"message":["1"],"from_player_id":1,"signatures":[]}},{"delay":0,"target_player":1,"message":{"proposer_id":0,"to_player_id":1,"is_vote":true,"approved":"1","round":0,"message":["1"],"from_player_id":1,"signatures":[]}},{"delay":0,"target_player":0,"message":{"proposer_id":0,"to_player_id":0,"is_vote":true,"approved":"1","round":0,"message":["1"],"from_player_id":1,"signatures":[]}}],"leader":0,"broadcast_input":[],"proposal_task":[{"delay":0,"target_player":0,"message":{"proposer_id":0,"to_player_id":0,"is_vote":false,"approved":"F","round":0,"message":["1"],"from_player_id":0,"signatures":["0,0,1&,0,0,0","0,-1,0,0,0,-1"]}},{"delay":0,"target_player":1,"message":{"proposer_id":0,"to_player_id":1,"is_vote":false,"approved":"F","round":0,"message":["1"],"from_player_id":0,"signatures":["0,0,1&,0,1,0","0,-1,0,0,1,-1"]}},{"delay":0,"target_player":2,"message":{"proposer_id":0,"to_player_id":2,"is_vote":false,"approved":"F","round":0,"message":["1"],"from_player_id":0,"signatures":["0,0,1&,0,2,0","0,-1,0,0,2,-1"]}}]}