{"proposal":{"finalized":false,"proposer_id":1,"round":1,"level":1,"prev":-1,"message":["1"],"notarized":false},"vote_task":[{"delay":0,"target_player":2,"message":{"proposer_id":1,"to_player_id":2,"is_vote":true,"approved":"1","round":1,"message":["1"],"from_player_id":2,"signatures":[]}},{"delay":5,"target_player":0,"message":{"proposer_id":1,"to_player_id":0,"is_vote":true,"approved":"1","round":1,"message":["1"],"from_player_id":2,"signatures":[]}},{"delay":0,"target_player":1,"message":{"proposer_id":1,"to_player_id":1,"is_vote":true,"approved":"1","round":1,"message":["1"],"from_player_id":2,"signatures":[]}},{"delay":0,"target_player":2,"message":{"proposer_id":1,"to_player_id":2,"is_vote":true,"approved":"0","round":1,"message":["1"],"from_player_id":0,"signatures":[]}},{"delay":0,"target_player":0,"message":{"proposer_id":1,"to_player_id":0,"is_vote":true,"approved":"0","round":1,"message":["1"],"from_player_id":0,"signatures":[]}},{"delay":0,"target_player":1,"message":{"proposer_id":1,"to_player_id":1,"is_vote":true,"approved":"0","round":1,"message":["1"],"from_player_id":0,"signatures":[]}},{"delay":0,"target_player":2,"message":{"proposer_id":1,"to_player_id":2,"is_vote":true,"approved":"1","round":1,"message":["1"],"from_player_id":1,"signatures":[]}},{"delay":0,"target_player":1,"message":{"proposer_id":1,"to_player_id":1,"is_vote":true,"approved":"1","round":1,"message":["1"],"from_player_id":1,"signatures":[]}},{"delay":5,"target_player":0,"message":{"proposer_id":1,"to_player_id":0,"is_vote":true,"approved":"1","round":1,"message":["1"],"from_player_id":1,"signatures":[]}}],"leader":1,"broadcast_input":[],"proposal_task":[{"delay":0,"target_player":0,"message":{"proposer_id":1,"to_player_id":0,"is_vote":false,"approved":"F","round":1,"message":["1"],"from_player_id":1,"signatures":["0,1,1&,1,0,1","0,-1,0,1,0,-1"]}},{"delay":0,"target_player":1,"message":{"proposer_id":1,"to_player_id":1,"is_vote":false,"approved":"F","round":1,"message":["1"],"from_player_id":1,"signatures":["0,1,1&,1,1,1","0,-1,0,1,1,-1"]}},{"delay":0,"target_player":2,"message":{"proposer_id":1,"to_player_id":2,"is_vote":false,"approved":"F","round":1,"message":["1"],"from_player_id":1,"signatures":["0,1,1&,1,2,1","0,-1,0,1,2,-1"]}}]}