{"proposal":{"finalized":false,"proposer_id":1,"round":3,"level":3,"prev":2,"message":["1"],"notarized":false},"vote_task":[{"delay":0,"target_player":2,"message":{"proposer_id":1,"to_player_id":2,"is_vote":true,"approved":"1","round":3,"message":["1"],"from_player_id":2,"signatures":[]}},{"delay":3,"target_player":0,"message":{"proposer_id":1,"to_player_id":0,"is_vote":true,"approved":"1","round":3,"message":["1"],"from_player_id":2,"signatures":[]}},{"delay":0,"target_player":1,"message":{"proposer_id":1,"to_player_id":1,"is_vote":true,"approved":"1","round":3,"message":["1"],"from_player_id":2,"signatures":[]}},{"delay":0,"target_player":2,"message":{"proposer_id":1,"to_player_id":2,"is_vote":true,"approved":"1","round":3,"message":["1"],"from_player_id":1,"signatures":[]}},{"delay":0,"target_player":1,"message":{"proposer_id":1,"to_player_id":1,"is_vote":true,"approved":"1","round":3,"message":["1"],"from_player_id":1,"signatures":[]}},{"delay":3,"target_player":0,"message":{"proposer_id":1,"to_player_id":0,"is_vote":true,"approved":"1","round":3,"message":["1"],"from_player_id":1,"signatures":[]}}],"leader":1,"broadcast_input":[],"proposal_task":[{"delay":3,"target_player":0,"message":{"proposer_id":1,"to_player_id":0,"is_vote":false,"approved":"F","round":3,"message":["1"],"from_player_id":1,"signatures":["0,3,1&,1,0,1","0,2,0,1,0,2"]}},{"delay":0,"target_player":1,"message":{"proposer_id":1,"to_player_id":1,"is_vote":false,"approved":"F","round":3,"message":["1"],"from_player_id":1,"signatures":["0,3,1&,1,1,1","0,2,0,1,1,2"]}},{"delay":0,"target_player":2,"message":{"proposer_id":1,"to_player_id":2,"is_vote":false,"approved":"F","round":3,"message":["1"],"from_player_id":1,"signatures":["0,3,1&,1,2,1","0,2,0,1,2,2"]}}]}