{"corrupt":[{"player_id":2,"chains":[[{"finalized":false,"proposer_id":-1,"round":-1,"level":0,"prev":-1,"message":["-1"],"notarized":true}],[{"finalized":false,"proposer_id":0,"round":0,"level":1,"prev":-1,"message":["1"],"notarized":true},{"finalized":false,"proposer_id":1,"round":1,"level":1,"prev":-1,"message":["1"],"notarized":true}]]}],"honest":[{"player_id":0,"chains":[[{"finalized":false,"proposer_id":-1,"round":-1,"level":0,"prev":-1,"message":["-1"],"notarized":true}],[{"finalized":false,"proposer_id":0,"round":0,"level":1,"prev":-1,"message":["1"],"notarized":true},{"finalized":false,"proposer_id":1,"round":1,"level":1,"prev":-1,"message":["1"],"notarized":false}]]},{"player_id":1,"chains":[[{"finalized":false,"proposer_id":-1,"round":-1,"level":0,"prev":-1,"message":["-1"],"notarized":true}],[{"finalized":false,"proposer_id":0,"round":0,"level":1,"prev":-1,"message":["1"],"notarized":false},{"finalized":false,"proposer_id":1,"round":1,"level":1,"prev":-1,"message":["1"],"notarized":true}]]}]}