{"corrupt":[{"player_id":2,"chains":[[{"finalized":true,"proposer_id":-1,"round":-1,"level":0,"prev":-1,"message":["-1"],"notarized":true}],[{"finalized":false,"proposer_id":0,"round":0,"level":1,"prev":-1,"message":["1"],"notarized":true},{"finalized":true,"proposer_id":1,"round":1,"level":1,"prev":-1,"message":["1"],"notarized":true}],[{"finalized":true,"proposer_id":2,"round":2,"level":2,"prev":1,"message":["1"],"notarized":true},{"finalized":false,"proposer_id":0,"round":4,"level":2,"prev":0,"message":["1"],"notarized":true}],[{"finalized":false,"proposer_id":1,"round":3,"level":3,"prev":2,"message":["1"],"notarized":true},{"finalized":false,"proposer_id":2,"round":5,"level":3,"prev":4,"message":["1"],"notarized":true}]]}],"honest":[{"player_id":0,"chains":[[{"finalized":false,"proposer_id":-1,"round":-1,"level":0,"prev":-1,"message":["-1"],"notarized":true}],[{"finalized":false,"proposer_id":0,"round":0,"level":1,"prev":-1,"message":["1"],"notarized":true},{"finalized":false,"proposer_id":1,"round":1,"level":1,"prev":-1,"message":["1"],"notarized":false}],[{"finalized":false,"proposer_id":2,"round":2,"level":2,"prev":1,"message":["1"],"notarized":false},{"finalized":false,"proposer_id":0,"round":4,"level":2,"prev":0,"message":["1"],"notarized":true}],[{"finalized":false,"proposer_id":2,"round":5,"level":3,"prev":4,"message":["1"],"notarized":true}]]},{"player_id":1,"chains":[[{"finalized":true,"proposer_id":-1,"round":-1,"level":0,"prev":-1,"message":["-1"],"notarized":true}],[{"finalized":false,"proposer_id":0,"round":0,"level":1,"prev":-1,"message":["1"],"notarized":true},{"finalized":true,"proposer_id":1,"round":1,"level":1,"prev":-1,"message":["1"],"notarized":true}],[{"finalized":true,"proposer_id":2,"round":2,"level":2,"prev":1,"message":["1"],"notarized":true},{"finalized":false,"proposer_id":0,"round":4,"level":2,"prev":0,"message":["1"],"notarized":true}],[{"finalized":false,"proposer_id":1,"round":3,"level":3,"prev":2,"message":["1"],"notarized":true},{"finalized":false,"proposer_id":2,"round":5,"level":3,"prev":4,"message":["1"],"notarized":true}]]}]}