[{"delay":1,"target_player":2,"message":{"to_player_id":2,"round":0,"message":["1"],"from_player_id":3,"signatures":["0,1,3,2"]}},{"delay":1,"target_player":3,"message":{"to_player_id":3,"round":0,"message":["1"],"from_player_id":3,"signatures":["0,1,3,3"]}},{"delay":1,"target_player":0,"message":{"to_player_id":0,"round":0,"message":["1"],"from_player_id":3,"signatures":["0,1,3,0"]}},{"delay":1,"target_player":1,"message":{"to_player_id":1,"round":0,"message":["0"],"from_player_id":3,"signatures":["0,0,3,1"]}}]